id,first_name,last_name,email,gender,ip_address
1,Redford,Ornils,rornils1@amazon.co,Male,25.42.166.00
2,Redford,Ornils,rornils1@amazon.co.uk,Male,24.42.186.82
3,Grenville,Buckley,gbuckley2@gizmodo.com,Male,143.223.126.204
4,Thalia,Badrock,tbadrock3@xinhuanet.com,Female,113.57.179.78
5,Julie,Minchell,jminchell4@skyrock.com,Female,105.165.149.121
6,Lancelot,Archibold,larchibold5@pinterest.com,Male,213.155.189.44
7,Bernie,Matteucci,bmatteucci6@bravesites.com,Male,109.156.49.36
8,Flinn,Mulchrone,fmulchrone7@naver.com,Male,22.84.116.46
9,Seamus,Tocque,stocque8@cnet.com,Male,79.30.35.75
10,Lazare,Abbett,labbett9@who.int,Male,17.173.76.145
11,Fraze,Signorelli,fsignorellia@sfgate.com,Male,255.7.238.134
12,Thorsten,Dottridge,tdottridgeb@cargocollective.com,Male,113.209.189.216
13,Dolorita,Reisen,dreisenc@squidoo.com,Female,152.228.242.226
14,Kiel,Gilcrist,kgilcristd@oakley.com,Male,30.36.236.217
15,Deanna,Muneely,dmuneelye@odnoklassniki.ru,Female,13.244.183.42
16,Ceciley,Janc,cjancf@wikimedia.org,Female,19.91.134.108
17,Christean,Kummerlowe,ckummerloweg@google.com.au,Female,217.82.245.71
18,Skell,Bydaway,sbydawayh@cisco.com,Male,57.34.92.0
19,Gabi,Giacomazzo,ggiacomazzoi@usa.gov,Female,171.119.221.107
20,Missy,Stapele,mstapelej@simplemachines.org,Female,101.123.192.199
21,Roberto,Paulson,rpaulsonk@gmpg.org,Male,122.40.55.29
22,Patty,Dolan,pdolanl@twitpic.com,Male,167.177.80.215
23,Gan,Soars,gsoarsm@whitehouse.gov,Male,165.184.90.113
24,Conroy,Navarre,cnavarren@lulu.com,Male,36.140.35.72
25,Faith,Lofthouse,flofthouseo@wikimedia.org,Female,18.59.50.99
26,Caressa,Danilyuk,cdanilyukp@ustream.tv,Female,99.55.99.190
27,Toiboid,Alcock,talcockq@marriott.com,Male,114.75.7.13
28,Leigh,Tapper,ltapperr@si.edu,Female,214.200.55.206
29,Verla,Salsbury,vsalsburys@icio.us,Female,165.194.251.76
30,Dallon,Pittock,dpittockt@auda.org.au,Male,55.76.0.37
31,Stanley,Kerrey,skerreyu@theglobeandmail.com,Male,103.199.9.133
32,Andrej,Ruffli,aruffliv@dion.ne.jp,Male,168.60.97.87
33,Sampson,Fairbank,sfairbankw@chicagotribune.com,Male,30.18.179.217
34,Gardy,Glanister,gglanisterx@sphinn.com,Male,29.248.35.117
35,Dalia,Clevely,dclevelyy@youtube.com,Female,134.29.187.3
36,Libbey,Hankinson,lhankinsonz@tuttocitta.it,Female,24.10.229.89
37,Corine,Hoston,choston10@about.me,Female,130.249.214.51
38,Ramona,De la Harpe,rdelaharpe11@cbslocal.com,Female,151.40.10.11
39,Dacia,Bonnette,dbonnette12@lulu.com,Female,41.54.102.133
40,Myca,Kryszka,mkryszka13@princeton.edu,Male,116.112.87.216
41,Ricardo,Seymour,rseymour14@youtube.com,Male,238.93.187.241
42,Cassandry,Pusill,cpusill15@elegantthemes.com,Female,76.42.119.32
43,Emmerich,Eborn,eeborn16@fc2.com,Male,140.103.229.143
44,Gerardo,Bouskill,gbouskill17@rediff.com,Male,139.220.177.49
45,Susan,Reaney,sreaney18@t.co,Female,52.9.11.75
46,Rudolf,Selborne,rselborne19@cbslocal.com,Male,227.162.247.1
47,Pavla,Gunn,pgunn1a@hao123.com,Female,170.126.79.41
48,Ileane,McCarver,imccarver1b@icq.com,Female,135.254.51.161
49,Reinhold,Vinton,rvinton1c@about.me,Male,47.73.210.27
50,Rutledge,Nodin,rnodin1d@naver.com,Male,241.202.124.190
51,Timi,Leneham,tleneham1e@printfriendly.com,Female,158.133.0.58
52,Ferne,Seif,fseif1f@4shared.com,Female,231.178.58.104
53,Penrod,Durdy,pdurdy1g@adobe.com,Male,122.235.46.68
54,Cosette,Sheddan,csheddan1h@time.com,Female,141.192.241.85
55,Claresta,Oslar,coslar1i@shareasale.com,Female,225.158.159.135
56,Shurlocke,Seviour,sseviour1j@twitter.com,Male,102.93.248.62
57,Jobie,Rundle,jrundle1k@china.com.cn,Female,22.203.86.106
58,Hilliard,Cometson,hcometson1l@icq.com,Male,153.144.43.181
59,Marijn,Hateley,mhateley1m@rambler.ru,Male,187.109.210.14
60,Halley,Awin,hawin1n@gov.uk,Female,190.93.209.213
61,Anabelle,Boken,aboken1o@ucla.edu,Female,121.19.121.52
62,Aline,Lindenberg,alindenberg1p@tripod.com,Female,212.162.148.68
63,Aldin,Stefi,astefi1q@mapy.cz,Male,211.31.201.231
64,Lonna,Killich,lkillich1r@nhs.uk,Female,25.43.149.54
65,Raimondo,Stubbings,rstubbings1s@pagesperso-orange.fr,Male,101.87.140.120
66,Sergio,Dickens,sdickens1t@tripadvisor.com,Male,31.42.220.202
67,Drona,Brenstuhl,dbrenstuhl1u@homestead.com,Female,224.101.23.86
68,Justina,Tembey,jtembey1v@sbwire.com,Female,208.19.130.105
69,Ozzie,Goare,ogoare1w@t.co,Male,101.172.101.189
70,Sabina,Butts,sbutts1x@ft.com,Female,22.195.15.151
71,Erin,Croome,ecroome1y@freewebs.com,Male,178.115.179.14
72,Mychal,Zannetti,mzannetti1z@homestead.com,Male,9.86.151.174
73,Sydney,Lillecrap,slillecrap20@ebay.com,Male,91.234.24.82
74,Cyrille,Faircliffe,cfaircliffe21@t.co,Male,164.141.183.169
75,Hyatt,Lambregts,hlambregts22@yahoo.com,Male,191.138.75.237
76,Farrand,Sambrok,fsambrok23@artisteer.com,Female,31.234.63.32
77,Mommy,Mays,mmays24@amazon.de,Female,240.245.233.199
78,Leonerd,Davidovich,ldavidovich25@macromedia.com,Male,181.223.242.102
79,Heinrick,Halfhead,hhalfhead26@state.tx.us,Male,187.0.61.87
80,Anastasia,Crosfeld,acrosfeld27@1und1.de,Female,23.86.221.188
81,Petronilla,Mucci,pmucci28@moonfruit.com,Female,196.143.54.123
82,Salli,Flancinbaum,sflancinbaum29@constantcontact.com,Female,210.155.127.28
83,Galina,Riseborough,griseborough2a@yolasite.com,Female,218.57.8.225
84,Alexis,Youle,ayoule2b@blogs.com,Female,24.222.30.13
85,Cole,Gartland,cgartland2c@ibm.com,Male,211.133.70.252
86,Evie,Jakoubek,ejakoubek2d@usatoday.com,Female,205.153.159.53
87,Cad,Luna,cluna2e@samsung.com,Male,26.191.249.40
88,Neil,Simmill,nsimmill2f@meetup.com,Male,155.130.90.118
89,Arnoldo,Ellerington,aellerington2g@google.co.uk,Male,218.87.3.44
90,Victoria,McCluskey,vmccluskey2h@ovh.net,Female,126.43.140.12
91,Iago,Parmenter,iparmenter2i@hubpages.com,Male,251.35.228.160
92,Lombard,Coushe,lcoushe2j@blogtalkradio.com,Male,116.198.6.179
93,Gonzales,Schneider,gschneider2k@dyndns.org,Male,218.173.75.183
94,Brewer,Lyver,blyver2l@narod.ru,Male,168.85.228.169
95,Druci,Pratchett,dpratchett2m@who.int,Female,7.16.218.36
96,Burr,Meredyth,bmeredyth2n@addtoany.com,Male,75.147.231.147
97,Jackquelin,Forker,jforker2o@netscape.com,Female,172.110.88.188
98,Goran,Fraser,gfraser2p@ifeng.com,Male,112.243.8.231
99,Hernando,Whear,hwhear2q@shutterfly.com,Male,7.230.180.36
100,Eleanor,Heditch,eheditch2r@ocn.ne.jp,Female,124.231.187.47
101,Curry,Kerkham,ckerkham2s@apple.com,Male,139.216.9.172
102,Joanna,Simone,jsimone2t@dion.ne.jp,Female,48.225.191.89
103,Giffie,Aikin,gaikin2u@noaa.gov,Male,9.169.172.177
104,Rosalinda,Hedin,rhedin2v@aol.com,Female,239.132.244.29
105,Jolyn,Smy,jsmy2w@deviantart.com,Female,220.24.157.8
106,Arte,Cocking,acocking2x@independent.co.uk,Male,122.203.163.11
107,Roch,Ponting,rponting2y@de.vu,Female,21.64.233.162
108,Augy,Easum,aeasum2z@myspace.com,Male,65.117.112.237
109,Alexis,Huby,ahuby30@clickbank.net,Male,27.31.33.113
110,Spense,Lilleyman,slilleyman31@csmonitor.com,Male,200.142.134.72
111,Dimitry,Flower,dflower32@princeton.edu,Male,83.106.166.112
112,Nixie,Burgott,nburgott33@wikipedia.org,Female,211.67.28.143
113,Catha,Hanford,chanford34@goo.gl,Female,83.185.42.196
114,Ilaire,Nickols,inickols35@gnu.org,Male,93.60.24.177
115,Lizbeth,Hurran,lhurran36@mlb.com,Female,83.22.60.56
116,Kennan,Dorin,kdorin37@google.it,Male,7.164.200.142
117,Farrah,Pogue,fpogue38@icq.com,Female,187.52.90.99
118,Yettie,Beste,ybeste39@weibo.com,Female,102.232.147.205
119,Orren,Soares,osoares3a@hp.com,Male,93.237.136.10
120,Ivette,Beadell,ibeadell3b@nyu.edu,Female,228.139.62.11
121,Vanna,Sebright,vsebright3c@dailymail.co.uk,Female,118.186.95.108
122,Carmelina,Cochern,ccochern3d@xrea.com,Female,199.239.121.153
123,Roman,Thirlaway,rthirlaway3e@wikia.com,Male,79.57.33.134
124,Ricki,Baldocci,rbaldocci3f@tumblr.com,Female,189.69.196.175
125,Penni,Swatton,pswatton3g@weather.com,Female,105.246.148.91
126,Aldrich,Klimashevich,aklimashevich3h@redcross.org,Male,157.172.247.54
127,Susanna,Cleghorn,scleghorn3i@nasa.gov,Female,92.34.91.17
128,Lainey,Philot,lphilot3j@storify.com,Female,248.95.153.1
129,Skipp,Aggio,saggio3k@oracle.com,Male,181.123.26.187
130,Leopold,Gilpin,lgilpin3l@myspace.com,Male,182.22.75.81
131,Danita,Penniall,dpenniall3m@walmart.com,Female,141.171.215.112
132,Doro,Sadry,dsadry3n@e-recht24.de,Female,241.123.137.9
133,Thaddeus,Puvia,tpuvia3o@behance.net,Male,149.20.129.214
134,Lowrance,Full,lfull3p@mayoclinic.com,Male,11.243.94.136
135,Lucinda,Dipple,ldipple3q@techcrunch.com,Female,58.193.213.95
136,Edouard,Lottrington,elottrington3r@reuters.com,Male,32.53.193.227
137,Loretta,Ainge,lainge3s@ucoz.ru,Female,186.148.249.143
138,Amye,Scutcheon,ascutcheon3t@wikia.com,Female,147.234.61.99
139,Ailyn,Vanyatin,avanyatin3u@java.com,Female,121.51.122.127
140,Alastair,Costerd,acosterd3v@moonfruit.com,Male,220.69.235.234
141,Randie,Wrefford,rwrefford3w@studiopress.com,Male,207.109.77.6
142,Devlin,Langtry,dlangtry3x@un.org,Male,240.235.150.41
143,Donnell,Abendroth,dabendroth3y@google.com.hk,Male,155.157.140.133
144,Gui,Summerlee,gsummerlee3z@github.com,Female,29.76.38.59
145,Sarina,Heinschke,sheinschke40@typepad.com,Female,104.115.63.80
146,Dan,Pechell,dpechell41@plala.or.jp,Male,170.43.181.183
147,Zarla,Nettle,znettle42@unc.edu,Female,185.67.187.180
148,Donica,Strapp,dstrapp43@lycos.com,Female,30.185.38.248
149,Mersey,Enden,menden44@google.pl,Female,198.65.88.17
150,Kelci,Seeney,kseeney45@si.edu,Female,64.0.171.118
151,Wilmette,Youel,wyouel46@mlb.com,Female,255.173.149.136
152,Alica,Crouch,acrouch47@webmd.com,Female,35.14.203.108
153,Dru,Bockmaster,dbockmaster48@guardian.co.uk,Male,83.206.230.169
154,Roman,Kieff,rkieff49@techcrunch.com,Male,197.12.71.198
155,Matilda,Cromblehome,mcromblehome4a@barnesandnoble.com,Female,183.128.34.172
156,Gwenora,Casbolt,gcasbolt4b@hp.com,Female,217.41.157.73
157,Seth,Limmer,slimmer4c@ucla.edu,Male,3.81.97.94
158,Silas,Tasseler,stasseler4d@squidoo.com,Male,7.156.148.40
159,Spencer,Izac,sizac4e@senate.gov,Male,226.241.115.190
160,Kacy,Speak,kspeak4f@cnbc.com,Female,246.235.154.131
161,Wash,Burbridge,wburbridge4g@xing.com,Male,113.168.98.101
162,Zared,Reagan,zreagan4h@mapquest.com,Male,245.83.235.13
163,Charlot,Dufton,cdufton4i@bbb.org,Female,18.206.26.253
164,Conney,Ragg,cragg4j@yelp.com,Male,10.43.48.214
165,Hilly,Darragh,hdarragh4k@techcrunch.com,Male,14.110.196.126
166,Deana,Ridges,dridges4l@ocn.ne.jp,Female,52.89.36.221
167,Camilla,Bosher,cbosher4m@opera.com,Female,86.107.81.212
168,Jannel,Tother,jtother4n@google.ca,Female,36.132.68.243
169,Kary,Passie,kpassie4o@dagondesign.com,Female,23.169.50.37
170,Letizia,Keough,lkeough4p@ehow.com,Female,133.192.123.86
171,Lotty,Woolvin,lwoolvin4q@gravatar.com,Female,81.193.18.109
172,Cole,Brewin,cbrewin4r@adobe.com,Male,163.147.202.194
173,Violante,Bunyan,vbunyan4s@oaic.gov.au,Female,201.96.20.129
174,Ozzie,Farmar,ofarmar4t@goo.gl,Male,194.122.149.255
175,Dorian,Sleigh,dsleigh4u@networkadvertising.org,Male,167.185.90.97
176,Fulton,Cushelly,fcushelly4v@ameblo.jp,Male,97.204.119.234
177,Donelle,Bartholomew,dbartholomew4w@symantec.com,Female,125.115.152.238
178,Lilyan,Josland,ljosland4x@odnoklassniki.ru,Female,236.142.25.94
179,Pall,Noades,pnoades4y@elegantthemes.com,Male,78.30.35.191
180,Liana,Gatecliffe,lgatecliffe4z@nytimes.com,Female,248.194.33.251
181,Romona,Blackesland,rblackesland50@nationalgeographic.com,Female,44.16.101.8
182,Brigitte,Glaum,bglaum51@tripadvisor.com,Female,132.65.10.136
183,Roxana,Beche,rbeche52@gizmodo.com,Female,82.15.71.147
184,Loralie,Cleveland,lcleveland53@dagondesign.com,Female,21.94.10.75
185,Heinrik,Cadge,hcadge54@ucoz.ru,Male,49.230.183.59
186,Lanae,Stiffell,lstiffell55@usda.gov,Female,50.238.135.161
187,Adda,Austwick,aaustwick56@sphinn.com,Female,143.132.105.63
188,Adelbert,Samsonsen,asamsonsen57@freewebs.com,Male,50.170.250.50
189,Ada,Bras,abras58@fc2.com,Female,219.240.190.47
190,Steward,Cross,scross59@ftc.gov,Male,20.223.225.118
191,Oralia,Worrell,oworrell5a@360.cn,Female,64.211.116.249
192,Mitch,Corsar,mcorsar5b@list-manage.com,Male,109.221.134.63
193,Kevin,Crohan,kcrohan5c@cisco.com,Male,178.244.127.71
194,Mae,Eagan,meagan5d@unicef.org,Female,137.121.61.174
195,Antoine,Corteney,acorteney5e@mayoclinic.com,Male,96.80.64.209
196,Noami,Scadden,nscadden5f@vimeo.com,Female,47.100.230.57
197,Sherline,Lippiello,slippiello5g@newsvine.com,Female,148.104.22.192
198,Ellie,Texton,etexton5h@japanpost.jp,Female,191.215.64.104
199,Selig,Shane,sshane5i@biglobe.ne.jp,Male,15.61.231.84
200,Goldia,Heiss,gheiss5j@hugedomains.com,Female,233.200.111.87
201,Marti,De Maria,mdemaria5k@canalblog.com,Female,57.128.179.107
202,Evey,Weson,eweson5l@sbwire.com,Female,163.132.52.5
203,Clementius,De Wolfe,cdewolfe5m@soup.io,Male,86.187.87.112
204,Shane,Thunderman,sthunderman5n@tinyurl.com,Male,103.73.179.63
205,Guilbert,Patley,gpatley5o@cnn.com,Male,175.137.121.153
206,Merridie,Pipet,mpipet5p@w3.org,Female,121.166.119.238
207,Cherilynn,Couthard,ccouthard5q@globo.com,Female,116.6.162.21
208,Kristyn,Akaster,kakaster5r@nba.com,Female,31.181.23.234
209,Hatty,Prydie,hprydie5s@t-online.de,Female,195.105.41.184
210,Marleen,Pope,mpope5t@t-online.de,Female,137.56.104.230
211,Shanta,Dainty,sdainty5u@netvibes.com,Female,92.185.176.76
212,Caprice,Ralestone,cralestone5v@nps.gov,Female,116.55.84.220
213,Cos,Carlson,ccarlson5w@marriott.com,Male,4.46.194.158
214,Darya,Trunkfield,dtrunkfield5x@zimbio.com,Female,145.173.187.77
215,Katrine,Foggarty,kfoggarty5y@pinterest.com,Female,11.155.86.166
216,Bogey,Acres,bacres5z@goo.ne.jp,Male,47.213.170.202
217,Nonnah,Janz,njanz60@comcast.net,Female,78.10.164.251
218,Shayna,Covill,scovill61@xing.com,Female,115.17.251.243
219,Filide,Thyng,fthyng62@oaic.gov.au,Female,101.203.68.101
220,Sarene,Corbett,scorbett63@seesaa.net,Female,93.107.239.141
221,Tine,Rollitt,trollitt64@cnet.com,Female,157.189.183.168
222,King,Kinrade,kkinrade65@imageshack.us,Male,154.128.227.95
223,Annora,Grishmanov,agrishmanov66@desdev.cn,Female,59.112.26.142
224,Randie,Spada,rspada67@samsung.com,Female,45.117.251.23
225,Rebekah,Milksop,rmilksop68@wikispaces.com,Female,61.224.188.24
226,Clywd,Bentson,cbentson69@usnews.com,Male,21.167.230.205
227,Bobina,Bengall,bbengall6a@msu.edu,Female,222.217.63.6
228,Woodie,Lomasney,wlomasney6b@weebly.com,Male,33.161.140.67
229,Livvie,Hamblett,lhamblett6c@bandcamp.com,Female,85.180.192.45
230,Wendi,Wilkenson,wwilkenson6d@mediafire.com,Female,56.16.101.0
231,Kiele,Skain,kskain6e@cnet.com,Female,170.140.14.39
232,Ximenes,Whitmarsh,xwhitmarsh6f@zdnet.com,Male,195.168.246.48
233,Etty,Miners,eminers6g@naver.com,Female,184.193.192.158
234,Peyter,Cahillane,pcahillane6h@cbc.ca,Male,133.37.246.175
235,Verne,Jamieson,vjamieson6i@nifty.com,Male,163.129.34.57
236,Emera,Carslake,ecarslake6j@skype.com,Female,69.120.78.132
237,Letitia,Ellicombe,lellicombe6k@mapy.cz,Female,125.174.102.48
238,Florella,Greening,fgreening6l@phpbb.com,Female,173.133.8.43
239,Viki,Tett,vtett6m@boston.com,Female,0.49.217.246
240,Sadella,Breem,sbreem6n@simplemachines.org,Female,55.26.19.251
241,Astrid,Jouanny,ajouanny6o@uol.com.br,Female,119.136.235.11
242,Eve,Dowdeswell,edowdeswell6p@sbwire.com,Female,55.107.117.242
243,Kelby,Patemore,kpatemore6q@who.int,Male,148.198.46.202
244,Sula,Kas,skas6r@live.com,Female,182.186.25.197
245,Brana,Bandey,bbandey6s@issuu.com,Female,129.188.241.68
246,Creight,Candlish,ccandlish6t@ehow.com,Male,11.235.254.7
247,Tedman,Scheffel,tscheffel6u@rediff.com,Male,52.212.152.66
248,Kale,Cordobes,kcordobes6v@wikipedia.org,Male,214.126.175.87
249,Lennie,Watkinson,lwatkinson6w@trellian.com,Male,118.141.236.42
250,Clay,Walsom,cwalsom6x@tinyurl.com,Male,158.51.41.139
251,Jacob,Broady,jbroady6y@usda.gov,Male,128.23.126.109
252,Cherise,Westwell,cwestwell6z@printfriendly.com,Female,181.98.122.188
253,Jo,Northbridge,jnorthbridge70@networksolutions.com,Male,212.69.36.62
254,Marla,Shear,mshear71@geocities.jp,Female,225.216.142.75
255,Bartholomew,Boom,bboom72@google.com.au,Male,230.249.73.156
256,Rickert,Sloegrave,rsloegrave73@altervista.org,Male,188.42.102.32
257,Mandel,Sueter,msueter74@ucla.edu,Male,146.64.246.216
258,Allen,Rame,arame75@army.mil,Male,44.100.88.235
259,Mignonne,Selland,mselland76@uol.com.br,Female,155.254.77.193
260,Kaile,Covey,kcovey77@sina.com.cn,Female,3.64.105.155
261,Cob,Almack,calmack78@t-online.de,Male,155.166.195.58
262,Gian,Folbig,gfolbig79@webmd.com,Male,236.31.127.66
263,Lauralee,Winston,lwinston7a@yale.edu,Female,31.125.189.64
264,Meg,Galtone,mgaltone7b@redcross.org,Female,223.240.88.118
265,Moishe,Maron,mmaron7c@spiegel.de,Male,39.104.76.120
266,Rowen,Jaher,rjaher7d@buzzfeed.com,Male,126.16.51.127
267,Reba,Kivits,rkivits7e@indiatimes.com,Female,251.176.184.16
268,Oralie,Shrive,oshrive7f@nymag.com,Female,229.80.140.197
269,Evvy,Royans,eroyans7g@tmall.com,Female,51.217.11.236
270,Gypsy,Lomansey,glomansey7h@sohu.com,Female,200.251.125.109
271,Monti,Augur,maugur7i@kickstarter.com,Male,79.220.14.247
272,Francesca,Bambridge,fbambridge7j@nasa.gov,Female,172.167.56.145
273,Rosemarie,Kiley,rkiley7k@a8.net,Female,13.93.132.181
274,Jereme,Faulkener,jfaulkener7l@nba.com,Male,238.17.119.113
275,Teador,Keary,tkeary7m@soundcloud.com,Male,90.220.196.199
276,Latisha,Skates,lskates7n@samsung.com,Female,139.50.70.91
277,Sergei,Detoile,sdetoile7o@bravesites.com,Male,26.47.137.156
278,Byron,Minnock,bminnock7p@abc.net.au,Male,134.37.132.196
279,Haze,Godthaab,hgodthaab7q@npr.org,Male,77.191.117.90
280,Alfons,Giddings,agiddings7r@gravatar.com,Male,125.9.21.249
281,Merrill,Theseira,mtheseira7s@ucoz.ru,Female,128.142.130.163
282,Sisile,Pottie,spottie7t@harvard.edu,Female,250.187.53.10
283,Lura,Realy,lrealy7u@flavors.me,Female,138.163.134.10
284,Chiarra,Hindshaw,chindshaw7v@adobe.com,Female,13.2.61.36
285,Bell,Kingswood,bkingswood7w@geocities.jp,Female,222.23.198.132
286,Ewan,Venable,evenable7x@delicious.com,Male,169.11.143.21
287,Mychal,Roden,mroden7y@deliciousdays.com,Male,54.120.110.65
288,Tom,Gogan,tgogan7z@ibm.com,Male,231.155.226.98
289,Jacintha,Biford,jbiford80@ehow.com,Female,83.221.196.251
290,Dania,Wallege,dwallege81@mit.edu,Female,42.125.209.22
291,Obediah,McHugh,omchugh82@gizmodo.com,Male,128.75.10.60
292,Hewett,Shucksmith,hshucksmith83@smugmug.com,Male,79.74.71.235
293,Basilius,Lygo,blygo84@prlog.org,Male,48.162.209.85
294,Jasun,Hibling,jhibling85@msn.com,Male,13.224.116.140
295,Bethena,Venney,bvenney86@vistaprint.com,Female,206.231.199.203
296,Valdemar,Bamfield,vbamfield87@ovh.net,Male,148.108.230.52
297,Shurwood,Tucknutt,stucknutt88@soundcloud.com,Male,112.246.158.220
298,Millie,Marjanski,mmarjanski89@mashable.com,Female,28.4.112.23
299,Del,McIlwreath,dmcilwreath8a@blogtalkradio.com,Male,163.104.136.209
300,Junie,Stannis,jstannis8b@oracle.com,Female,31.242.243.147
301,Fawn,Fleming,ffleming8c@weibo.com,Female,191.106.159.190
302,Kali,Besant,kbesant8d@bbc.co.uk,Female,26.30.154.185
303,Myrna,Luxton,mluxton8e@wufoo.com,Female,201.220.150.151
304,Liane,Rubinowitsch,lrubinowitsch8f@nhs.uk,Female,32.141.118.187
305,Jervis,Calcutt,jcalcutt8g@opensource.org,Male,184.213.127.29
306,Meris,Risebrow,mrisebrow8h@biblegateway.com,Female,33.204.160.83
307,Kennett,Elcott,kelcott8i@adobe.com,Male,204.26.77.253
308,Elspeth,Lenton,elenton8j@exblog.jp,Female,167.230.28.53
309,Raynor,Prisley,rprisley8k@rediff.com,Male,27.172.147.114
310,Dewie,Percifer,dpercifer8l@economist.com,Male,59.180.14.215
311,Reginald,MacKeever,rmackeever8m@pcworld.com,Male,196.185.125.21
312,Saidee,Lovegrove,slovegrove8n@loc.gov,Female,245.148.204.233
313,Josie,Sholl,jsholl8o@dropbox.com,Female,89.242.116.78
314,Misty,Dellenbrok,mdellenbrok8p@globo.com,Female,30.4.217.69
315,Arny,Sterre,asterre8q@de.vu,Male,60.248.78.53
316,Simone,Morffew,smorffew8r@foxnews.com,Female,228.128.202.108
317,Sol,Twitchett,stwitchett8s@tinyurl.com,Male,110.154.205.249
318,Annabella,de Castelain,adecastelain8t@soundcloud.com,Female,45.5.110.3
319,Sherry,Swaile,sswaile8u@slideshare.net,Female,23.59.42.148
320,Sharyl,MacCarrane,smaccarrane8v@google.es,Female,35.18.151.14
321,Hubey,Berrey,hberrey8w@biblegateway.com,Male,174.72.7.5
322,Valenka,Vedekhov,vvedekhov8x@irs.gov,Female,106.57.15.189
323,Boone,Gimenez,bgimenez8y@jimdo.com,Male,194.253.212.127
324,Ludwig,Segge,lsegge8z@vinaora.com,Male,201.169.233.193
325,Mireille,Estcourt,mestcourt90@icq.com,Female,137.250.62.245
326,Kirby,Wasylkiewicz,kwasylkiewicz91@omniture.com,Female,85.159.44.39
327,Raynor,Westley,rwestley92@youtube.com,Male,252.209.85.184
328,Yvonne,Beelby,ybeelby93@sciencedaily.com,Female,123.63.253.100
329,Eva,Ellery,eellery94@friendfeed.com,Female,60.122.198.237
330,Northrop,O'Coskerry,nocoskerry95@instagram.com,Male,167.222.209.214
331,Garth,Alenichev,galenichev96@thetimes.co.uk,Male,44.195.194.148
332,Fae,Bydaway,fbydaway97@ezinearticles.com,Female,135.53.21.247
333,Etienne,Mucklo,emucklo98@hc360.com,Male,12.115.56.233
334,Vivyanne,Rosenthal,vrosenthal99@arizona.edu,Female,133.35.208.129
335,Kristoffer,O'Loughane,koloughane9a@cocolog-nifty.com,Male,235.176.75.29
336,Guillermo,Dressel,gdressel9b@issuu.com,Male,211.165.116.76
337,Ardine,Frostdyke,afrostdyke9c@dagondesign.com,Female,38.209.143.83
338,Spike,Machans,smachans9d@time.com,Male,185.210.109.179
339,Melinda,Deeming,mdeeming9e@va.gov,Female,78.116.3.17
340,Zachariah,Bulford,zbulford9f@instagram.com,Male,42.34.183.27
341,Kristoforo,MacMickan,kmacmickan9g@techcrunch.com,Male,236.160.254.8
342,Kakalina,Seedhouse,kseedhouse9h@china.com.cn,Female,12.193.74.225
343,Mellisent,Meers,mmeers9i@shutterfly.com,Female,61.179.170.24
344,Gilly,O'Callaghan,gocallaghan9j@newsvine.com,Female,181.12.109.205
345,Berny,Sherebrook,bsherebrook9k@hao123.com,Male,201.4.28.13
346,Ian,Gopsall,igopsall9l@google.com.br,Male,152.6.153.131
347,Gannie,Molloy,gmolloy9m@aol.com,Male,128.37.104.232
348,Andi,Veare,aveare9n@bloglines.com,Female,246.113.110.189
349,Alphonse,Barnaby,abarnaby9o@com.com,Male,132.149.145.130
350,Annamarie,Decroix,adecroix9p@springer.com,Female,179.42.150.56
351,Brigid,Novelli,bnovelli9q@yale.edu,Female,82.5.43.76
352,Nanete,Wincott,nwincott9r@feedburner.com,Female,134.128.49.229
353,Tove,Fiorentino,tfiorentino9s@deliciousdays.com,Female,122.156.127.142
354,Aindrea,Toller,atoller9t@chicagotribune.com,Female,100.74.181.178
355,Vernice,Clopton,vclopton9u@simplemachines.org,Female,249.39.178.59
356,Bianka,Preddle,bpreddle9v@nhs.uk,Female,6.124.67.62
357,Yale,Eltun,yeltun9w@angelfire.com,Male,154.27.83.27
358,Kippie,Inglis,kinglis9x@ifeng.com,Female,164.177.134.110
359,Hedy,Tolliday,htolliday9y@samsung.com,Female,87.220.208.139
360,Brien,Wroth,bwroth9z@fda.gov,Male,222.197.22.155
361,Nina,Nother,nnothera0@google.ru,Female,119.161.59.222
362,Melly,Mickleburgh,mmickleburgha1@cloudflare.com,Female,235.116.155.238
363,Nataniel,Greedier,ngreediera2@blogs.com,Male,195.65.40.67
364,Merilee,Pullen,mpullena3@weather.com,Female,115.122.173.12
365,Sherwynd,Dunan,sdunana4@deliciousdays.com,Male,21.15.114.70
366,Marjy,Lambrechts,mlambrechtsa5@eepurl.com,Female,33.209.14.151
367,Gretchen,Mearing,gmearinga6@furl.net,Female,94.92.205.19
368,Fayre,Braams,fbraamsa7@hp.com,Female,128.235.217.248
369,Neysa,Rivaland,nrivalanda8@si.edu,Female,185.131.71.58
370,Annabell,Stovell,astovella9@virginia.edu,Female,251.32.76.227
371,Caldwell,McClinton,cmcclintonaa@barnesandnoble.com,Male,231.165.134.122
372,Kathye,Lowne,klowneab@clickbank.net,Female,183.75.220.74
373,Allison,Beccero,abecceroac@dot.gov,Female,221.146.248.80
374,Boycey,Axelbey,baxelbeyad@technorati.com,Male,228.190.74.125
375,Shirleen,O'Riordan,soriordanae@tinypic.com,Female,187.74.237.38
376,Vanda,Jordine,vjordineaf@unblog.fr,Female,219.165.85.4
377,Phaedra,Undrill,pundrillag@nasa.gov,Female,225.44.201.99
378,Pall,Lampke,plampkeah@blogtalkradio.com,Male,137.240.223.233
379,Trescha,Bootyman,tbootymanai@reuters.com,Female,197.119.184.133
380,Michel,Oliveti,molivetiaj@parallels.com,Female,160.67.179.36
381,Eveleen,Dowdam,edowdamak@sakura.ne.jp,Female,122.52.22.212
382,Ingeberg,Cahn,icahnal@google.nl,Female,189.200.215.131
383,Elyssa,Rothery,erotheryam@youtube.com,Female,104.133.217.166
384,Esmeralda,Hornbuckle,ehornbucklean@google.ru,Female,18.28.67.180
385,Isa,Rizzardo,irizzardoao@abc.net.au,Female,140.241.149.52
386,Jordana,Honnan,jhonnanap@digg.com,Female,59.142.121.133
387,Marlon,Bodesson,mbodessonaq@storify.com,Male,126.70.226.214
388,Kassandra,Dulwitch,kdulwitchar@businessinsider.com,Female,113.49.189.164
389,Norine,Lernihan,nlernihanas@ehow.com,Female,98.105.77.183
390,Massimiliano,Feeham,mfeehamat@chronoengine.com,Male,46.75.213.33
391,Rory,Skeen,rskeenau@earthlink.net,Female,150.159.209.117
392,Yovonnda,Hurdedge,yhurdedgeav@g.co,Female,56.51.135.58
393,Carlen,Limon,climonaw@quantcast.com,Female,12.23.213.109
394,Brant,Bafford,bbaffordax@shareasale.com,Male,100.234.162.200
395,Alberto,Sedgefield,asedgefielday@over-blog.com,Male,232.213.7.76
396,Coralyn,Armand,carmandaz@google.pl,Female,11.129.164.248
397,Frasco,de Copeman,fdecopemanb0@merriam-webster.com,Male,175.186.220.109
398,Caspar,Peasgood,cpeasgoodb1@nifty.com,Male,223.240.129.69
399,Maren,Nicholls,mnichollsb2@google.es,Female,239.167.74.184
400,Gabriel,Lammerding,glammerdingb3@about.me,Male,163.48.198.177
401,Amata,Giffaut,agiffautb4@samsung.com,Female,149.216.201.87
402,Gaylene,Halifax,ghalifaxb5@purevolume.com,Female,232.198.102.120
403,Felita,Toretta,ftorettab6@slashdot.org,Female,25.65.26.199
404,Maje,Jeyes,mjeyesb7@wsj.com,Male,247.251.140.56
405,Mickie,Buddles,mbuddlesb8@discuz.net,Female,251.234.249.189
406,Ode,McKeighen,omckeighenb9@yale.edu,Male,230.215.144.49
407,Paulita,Attwater,pattwaterba@gmpg.org,Female,66.20.119.88
408,Bessie,Cridlan,bcridlanbb@nasa.gov,Female,247.224.11.128
409,Jaimie,Mottley,jmottleybc@google.com,Male,61.6.30.181
410,Kerrin,Meininger,kmeiningerbd@imdb.com,Female,243.224.176.84
411,Marlin,Tootal,mtootalbe@usda.gov,Male,245.234.45.232
412,Reider,Mordaunt,rmordauntbf@google.co.uk,Male,163.240.222.131
413,Tann,Pummery,tpummerybg@pagesperso-orange.fr,Male,197.194.133.39
414,Way,Guerrero,wguerrerobh@canalblog.com,Male,201.115.96.161
415,Hedwiga,Saundercock,hsaundercockbi@usa.gov,Female,45.140.253.152
416,Amy,Frear,afrearbj@t-online.de,Female,110.28.115.236
417,Glennie,Jacketts,gjackettsbk@slashdot.org,Female,6.64.81.183
418,Eberhard,Bradwell,ebradwellbl@nih.gov,Male,20.134.125.226
419,Isacco,Burg,iburgbm@sun.com,Male,47.153.140.36
420,Rachael,Benardeau,rbenardeaubn@blinklist.com,Female,139.215.81.111
421,Claudina,MacAirt,cmacairtbo@miitbeian.gov.cn,Female,252.128.208.199
422,Davy,Leven,dlevenbp@about.me,Male,251.180.157.99
423,Valaree,Hebblewhite,vhebblewhitebq@wp.com,Female,180.153.86.145
424,Tobie,Eastman,teastmanbr@un.org,Male,255.102.111.174
425,Jenna,Clarae,jclaraebs@delicious.com,Female,231.128.148.14
426,Sidney,Roskell,sroskellbt@vinaora.com,Male,208.205.133.119
427,Rolf,Worley,rworleybu@livejournal.com,Male,203.31.221.139
428,Emmerich,Aymes,eaymesbv@opera.com,Male,74.218.82.247
429,Annis,Bouttell,abouttellbw@themeforest.net,Female,76.92.10.225
430,Malissia,Wraighte,mwraightebx@ebay.com,Female,205.67.108.136
431,Gal,Fayer,gfayerby@flickr.com,Male,136.191.92.33
432,Sheila-kathryn,Groger,sgrogerbz@ebay.com,Female,72.64.74.86
433,Libbi,Parsand,lparsandc0@usgs.gov,Female,7.130.222.59
434,Raff,Powland,rpowlandc1@craigslist.org,Male,20.132.59.227
435,Neal,Baudacci,nbaudaccic2@pagesperso-orange.fr,Male,208.97.232.128
436,Ardene,McSweeney,amcsweeneyc3@nymag.com,Female,34.199.245.238
437,Debra,Luckin,dluckinc4@ucoz.ru,Female,106.176.247.150
438,Jeri,Wicklin,jwicklinc5@pen.io,Female,73.191.200.45
439,Roxi,Cisneros,rcisnerosc6@chron.com,Female,246.133.190.216
440,Adolf,McFadzean,amcfadzeanc7@twitpic.com,Male,116.70.63.3
441,Renard,Golland,rgollandc8@mail.ru,Male,51.170.185.111
442,Thatch,Wards,twardsc9@plala.or.jp,Male,213.247.109.109
443,Reidar,Decent,rdecentca@icq.com,Male,181.105.116.15
444,Marco,Blunsum,mblunsumcb@goo.ne.jp,Male,183.173.76.31
445,Willy,Jeyness,wjeynesscc@vimeo.com,Female,117.164.33.247
446,Sander,Grafom,sgrafomcd@hubpages.com,Male,227.97.154.221
447,Shay,Philipart,sphilipartce@g.co,Male,22.241.242.126
448,Ed,Ivain,eivaincf@e-recht24.de,Male,118.238.170.107
449,Rozalin,Dybald,rdybaldcg@instagram.com,Female,31.162.14.210
450,Obadias,Batram,obatramch@discovery.com,Male,178.242.242.143
451,Hetti,Semple,hsempleci@dagondesign.com,Female,67.21.66.135
452,Henry,Dulwitch,hdulwitchcj@toplist.cz,Male,118.75.171.1
453,Consalve,Gillibrand,cgillibrandck@europa.eu,Male,99.83.95.181
454,Felice,Bernardin,fbernardincl@typepad.com,Female,122.177.160.64
455,Barbara-anne,Woodwind,bwoodwindcm@arstechnica.com,Female,53.219.142.148
456,Arie,Laverack,alaverackcn@webs.com,Male,181.27.71.122
457,Sara,Petroulis,spetroulisco@cnet.com,Female,50.189.34.195
458,Tito,Richford,trichfordcp@wp.com,Male,89.199.193.228
459,Biddie,Harlett,bharlettcq@yahoo.co.jp,Female,237.89.208.131
460,Thomas,Rowthorne,trowthornecr@webmd.com,Male,25.166.185.33
461,William,Derye-Barrett,wderyebarrettcs@harvard.edu,Male,14.225.123.185
462,Dulce,Sommer,dsommerct@epa.gov,Female,191.243.123.129
463,Sybille,Trump,strumpcu@home.pl,Female,196.132.158.20
464,Griffie,Fleisch,gfleischcv@tinyurl.com,Male,42.68.37.164
465,Miran,Labern,mlaberncw@pbs.org,Female,131.150.80.36
466,Nixie,Fudge,nfudgecx@skype.com,Female,49.238.210.160
467,Harlin,Stummeyer,hstummeyercy@nationalgeographic.com,Male,65.234.122.87
468,Trstram,Gascoyen,tgascoyencz@mit.edu,Male,245.115.233.53
469,Letizia,Maultby,lmaultbyd0@weebly.com,Female,225.20.237.196
470,Neysa,Linforth,nlinforthd1@pen.io,Female,193.74.226.196
471,Wyatan,Bidnall,wbidnalld2@mapquest.com,Male,40.155.41.143
472,Gardiner,Dewing,gdewingd3@odnoklassniki.ru,Male,88.135.106.200
473,Glen,Brumfield,gbrumfieldd4@friendfeed.com,Male,79.15.78.212
474,Adrian,Yackiminie,ayackiminied5@mapquest.com,Male,217.99.123.147
475,Melina,Grimsditch,mgrimsditchd6@bbb.org,Female,185.82.54.255
476,Ondrea,Crasford,ocrasfordd7@youtube.com,Female,31.109.224.238
477,Eddi,Wilne,ewilned8@theatlantic.com,Female,232.139.138.80
478,Aveline,Blazy,ablazyd9@reuters.com,Female,251.18.174.45
479,Harrietta,Latehouse,hlatehouseda@sourceforge.net,Female,235.150.179.150
480,Paloma,Yesipov,pyesipovdb@desdev.cn,Female,80.103.170.199
481,Bria,Jako,bjakodc@vistaprint.com,Female,53.81.119.127
482,Grove,Birtley,gbirtleydd@springer.com,Male,202.145.240.157
483,Yoshi,Macy,ymacyde@engadget.com,Female,165.201.211.89
484,Brooks,Wonham,bwonhamdf@engadget.com,Male,219.91.69.52
485,Luci,Paszak,lpaszakdg@princeton.edu,Female,126.79.203.187
486,Barnabe,Stichel,bsticheldh@jigsy.com,Male,169.199.184.224
487,Werner,Crippell,wcrippelldi@quantcast.com,Male,47.30.199.143
488,Marieann,Landor,mlandordj@alexa.com,Female,78.31.177.130
489,Rafael,Paulsen,rpaulsendk@stumbleupon.com,Male,173.227.66.28
490,Elianora,Kivlehan,ekivlehandl@hao123.com,Female,182.116.199.186
491,Eolande,Killiam,ekilliamdm@live.com,Female,86.162.100.20
492,Sharla,MacGorrie,smacgorriedn@photobucket.com,Female,226.191.179.181
493,Josefina,Styant,jstyantdo@yellowpages.com,Female,125.200.149.104
494,Albert,Clinnick,aclinnickdp@vk.com,Male,78.63.230.129
495,Marijn,Concannon,mconcannondq@craigslist.org,Male,146.248.138.98
496,Brooks,Wincott,bwincottdr@furl.net,Male,184.90.37.104
497,Ariela,Winckles,awincklesds@rambler.ru,Female,87.13.145.129
498,Petr,Chillingworth,pchillingworthdt@craigslist.org,Male,90.118.31.43
499,Lisha,Bradden,lbraddendu@microsoft.com,Female,164.105.195.255
500,Irita,Geroldo,igeroldodv@rediff.com,Female,102.50.45.149
501,Donny,Hamprecht,dhamprechtdw@netscape.com,Female,133.240.151.108
502,Caren,Goadsby,cgoadsbydx@feedburner.com,Female,202.68.145.111
503,Karyl,Dummer,kdummerdy@redcross.org,Female,178.171.56.172
504,Eada,Blay,eblaydz@hibu.com,Female,227.23.172.85
505,Pennie,Keelinge,pkeelingee0@hexun.com,Male,1.236.54.215
506,Ber,Espin,bespine1@upenn.edu,Male,104.182.66.126
507,Meghan,Warrier,mwarriere2@phpbb.com,Female,36.227.10.138
508,Nelson,Dowsett,ndowsette3@artisteer.com,Male,175.154.61.247
509,Goober,Richardson,grichardsone4@cbslocal.com,Male,236.92.179.48
510,Gilemette,Handrick,ghandricke5@seesaa.net,Female,214.214.76.247
511,Chicky,MacConneely,cmacconneelye6@telegraph.co.uk,Female,223.208.35.151
512,Nobie,Canet,ncanete7@github.com,Male,113.127.48.157
513,Reinold,Golsby,rgolsbye8@i2i.jp,Male,101.42.9.211
514,Marv,McGeachey,mmcgeacheye9@moonfruit.com,Male,65.70.20.65
515,Joli,Mostin,jmostinea@tripadvisor.com,Female,95.16.74.220
516,Orland,Fairn,ofairneb@arizona.edu,Male,247.131.4.247
517,Jeralee,Silmon,jsilmonec@census.gov,Female,27.120.120.241
518,Jerrylee,Sutliff,jsutliffed@archive.org,Female,116.95.90.228
519,Obadiah,Aldwich,oaldwichee@pinterest.com,Male,124.133.65.196
520,Nell,Caws,ncawsef@feedburner.com,Female,154.147.229.32
521,Karlee,Bradd,kbraddeg@mac.com,Female,126.105.144.82
522,Valry,Cranham,vcranhameh@mysql.com,Female,91.173.18.233
523,Kristo,Estevez,kestevezei@ca.gov,Male,158.31.94.146
524,Geoff,Jarvis,gjarvisej@typepad.com,Male,221.148.60.197
525,Aleece,Foulger,afoulgerek@ucoz.ru,Female,35.140.165.156
526,Miof mela,Anders,mandersel@quantcast.com,Female,173.59.147.24
527,Faith,Kochl,fkochlem@last.fm,Female,74.125.201.153
528,Reuven,Coldbreath,rcoldbreathen@umn.edu,Male,109.215.171.54
529,Kennedy,Seagar,kseagareo@nih.gov,Male,128.52.210.74
530,Arnie,Tillot,atillotep@google.de,Male,21.135.250.15
531,Andres,Halfhide,ahalfhideeq@drupal.org,Male,111.94.71.73
532,Fulton,Gellert,fgellerter@japanpost.jp,Male,39.71.37.201
533,Zacharia,Noulton,znoultones@cdc.gov,Male,160.234.160.240
534,Stinky,Cypler,scypleret@vistaprint.com,Male,158.6.125.109
535,Ewart,Laight,elaighteu@samsung.com,Male,6.108.65.215
536,Rani,Yirrell,ryirrellev@weebly.com,Female,88.68.29.98
537,Jewel,Ricciardelli,jricciardelliew@macromedia.com,Female,41.239.184.68
538,Desiree,Conklin,dconklinex@quantcast.com,Female,98.36.162.190
539,Ulrika,Limmer,ulimmerey@spotify.com,Female,124.48.180.69
540,Verney,Brewer,vbrewerez@sun.com,Male,149.40.35.99
541,Denney,Tandey,dtandeyf0@youku.com,Male,137.16.177.113
542,Jasen,Duell,jduellf1@people.com.cn,Male,106.15.217.53
543,Claudelle,Sellers,csellersf2@weibo.com,Female,80.49.255.198
544,Lynnell,Brinicombe,lbrinicombef3@google.com.hk,Female,38.163.69.251
545,Lea,Gyorffy,lgyorffyf4@geocities.jp,Female,47.28.169.46
546,Candida,Dawltrey,cdawltreyf5@seesaa.net,Female,101.192.24.234
547,Hieronymus,Thornborrow,hthornborrowf6@springer.com,Male,158.35.64.101
548,Sherrie,Spencers,sspencersf7@sogou.com,Female,50.77.112.0
549,Sylas,Dyos,sdyosf8@nasa.gov,Male,184.26.238.25
550,Danyette,Bruun,dbruunf9@indiatimes.com,Female,122.234.147.243
551,Buddie,DeSousa,bdesousafa@un.org,Male,116.87.128.187
552,Silvie,Cissen,scissenfb@webeden.co.uk,Female,216.55.213.103
553,Eben,Leyland,eleylandfc@wsj.com,Male,221.228.246.165
554,Isadore,Culmer,iculmerfd@cbc.ca,Male,91.168.16.222
555,Cymbre,Cordes,ccordesfe@ucsd.edu,Female,60.9.2.2
556,Cordy,Lowensohn,clowensohnff@toplist.cz,Male,53.115.133.188
557,Hamid,Agar,hagarfg@behance.net,Male,52.92.95.210
558,Sharleen,Dankov,sdankovfh@skyrock.com,Female,16.23.156.195
559,Durand,Florey,dfloreyfi@irs.gov,Male,248.129.57.205
560,Upton,Tinan,utinanfj@go.com,Male,144.86.6.181
561,Freemon,Romanski,fromanskifk@nytimes.com,Male,28.31.138.78
562,Ofilia,Eddins,oeddinsfl@domainmarket.com,Female,13.130.191.207
563,Korella,Ilyinykh,kilyinykhfm@artisteer.com,Female,21.196.88.53
564,Tybie,Lofty,tloftyfn@ucoz.ru,Female,35.68.196.175
565,Doe,Purry,dpurryfo@aboutads.info,Female,28.7.126.78
566,Libby,Markey,lmarkeyfp@loc.gov,Female,141.58.24.201
567,Stoddard,Kellen,skellenfq@oaic.gov.au,Female,255.6.98.5
568,Oran,Cawtheray,ocawtherayfr@time.com,Male,235.72.113.215
569,Agneta,Bunker,abunkerfs@java.com,Female,81.198.202.156
570,Phyllis,Trigwell,ptrigwellft@cdbaby.com,Female,64.60.77.236
571,Mordy,Baruch,mbaruchfu@usnews.com,Male,45.50.29.142
572,Larisa,Giacaponi,lgiacaponifv@europa.eu,Female,179.72.11.139
573,Verney,Meijer,vmeijerfw@paypal.com,Male,36.11.122.206
574,Sylas,Lipgens,slipgensfx@hatena.ne.jp,Male,229.50.98.84
575,Vere,Servis,vservisfy@51.la,Female,192.61.184.41
576,Suki,McGuinley,smcguinleyfz@jigsy.com,Female,54.212.112.166
577,Woodman,Daymont,wdaymontg0@quantcast.com,Male,144.26.168.97
578,Xenos,Rosling,xroslingg1@skyrock.com,Male,200.201.43.142
579,Hewet,Lazonby,hlazonbyg2@feedburner.com,Male,100.197.212.28
580,Maudie,Sherrin,msherring3@exblog.jp,Female,159.138.26.103
581,Ernest,Lumm,elummg4@flickr.com,Male,50.4.32.94
582,Saw,Schuh,sschuhg5@tinypic.com,Male,167.104.143.121
583,Roscoe,Fanthome,rfanthomeg6@europa.eu,Male,85.171.117.13
584,Holly-anne,Castelot,hcastelotg7@shinystat.com,Female,164.179.23.167
585,Kaleb,Frayn,kfrayng8@unblog.fr,Male,65.77.52.97
586,Catharina,Wickmann,cwickmanng9@smh.com.au,Female,252.229.207.9
587,Hatti,Riccetti,hriccettiga@mlb.com,Female,229.246.14.195
588,Stella,Drinkale,sdrinkalegb@ca.gov,Female,130.9.244.198
589,Dewie,Biddy,dbiddygc@omniture.com,Male,10.149.158.82
590,Elonore,Fullerlove,efullerlovegd@rakuten.co.jp,Female,1.235.94.26
591,Sunshine,Torrent,storrentge@un.org,Female,90.157.74.143
592,Bernarr,Pargeter,bpargetergf@photobucket.com,Male,205.81.9.214
593,Wilden,Burnsell,wburnsellgg@eepurl.com,Male,204.103.4.128
594,Jarret,De Wolfe,jdewolfegh@gizmodo.com,Male,37.149.137.27
595,Mandel,Peers,mpeersgi@miitbeian.gov.cn,Male,186.213.190.199
596,Lonnie,Sycamore,lsycamoregj@nasa.gov,Female,46.144.55.98
597,Celestyn,Pitman,cpitmangk@princeton.edu,Female,166.216.89.200
598,Aaren,Tireman,atiremangl@is.gd,Female,39.180.123.15
599,Henriette,Hansod,hhansodgm@canalblog.com,Female,46.160.29.34
600,Jard,Pherps,jpherpsgn@mozilla.com,Male,45.233.248.17
601,Elene,Latchmore,elatchmorego@auda.org.au,Female,139.187.29.106
602,Haskel,O'Sheilds,hosheildsgp@tinypic.com,Male,98.49.42.15
603,Sande,Matiasek,smatiasekgq@diigo.com,Female,175.193.197.197
604,Pietro,Revell,prevellgr@loc.gov,Male,74.43.153.34
605,Nanci,VanBrugh,nvanbrughgs@naver.com,Female,65.20.4.216
606,Hilly,Newbury,hnewburygt@pagesperso-orange.fr,Male,69.121.166.50
607,Arlin,Cathersides,acathersidesgu@shinystat.com,Male,130.235.245.41
608,Byrann,Chasmoor,bchasmoorgv@icq.com,Male,119.184.4.50
609,Eleanor,Ings,eingsgw@symantec.com,Female,88.2.146.219
610,Jefferey,Limbert,jlimbertgx@barnesandnoble.com,Male,1.67.113.204
611,Robbin,Collard,rcollardgy@ezinearticles.com,Female,161.36.137.91
612,Linzy,Sarvar,lsarvargz@phoca.cz,Female,254.216.128.42
613,Trisha,Lapthorne,tlapthorneh0@si.edu,Female,119.203.7.79
614,Nolana,De Ath,ndeathh1@nbcnews.com,Female,112.127.110.77
615,Aylmar,McGeachie,amcgeachieh2@themeforest.net,Male,197.34.37.64
616,Sherm,Limpricht,slimprichth3@wired.com,Male,82.19.203.252
617,Johny,Durbridge,jdurbridgeh4@list-manage.com,Male,199.237.135.186
618,Donny,Shegog,dshegogh5@purevolume.com,Female,44.164.132.173
619,Livvyy,Bohea,lboheah6@nasa.gov,Female,71.10.85.52
620,Starr,Titchard,stitchardh7@earthlink.net,Female,203.91.131.114
621,Austin,Soulsby,asoulsbyh8@theglobeandmail.com,Male,74.132.133.75
622,Corney,Martynikhin,cmartynikhinh9@qq.com,Male,226.194.25.81
623,Jameson,Pennycook,jpennycookha@webnode.com,Male,63.155.185.187
624,Ricky,Ondrak,rondrakhb@uiuc.edu,Male,139.91.53.122
625,Sollie,Danniel,sdannielhc@google.com.br,Male,197.14.87.21
626,Nata,Piddlesden,npiddlesdenhd@noaa.gov,Female,133.141.18.205
627,Antonella,Coupe,acoupehe@weibo.com,Female,56.192.115.12
628,Kathie,Kloss,kklosshf@abc.net.au,Female,208.249.11.123
629,Phebe,Shapter,pshapterhg@virginia.edu,Female,40.245.98.188
630,Suzanna,Emnoney,semnoneyhh@whitehouse.gov,Female,46.229.38.105
631,Milt,Puddicombe,mpuddicombehi@cafepress.com,Male,26.178.21.226
632,Napoleon,Hubbard,nhubbardhj@canalblog.com,Male,81.240.236.46
633,Sterling,Oxer,soxerhk@constantcontact.com,Male,83.211.48.244
634,Lauri,Bushill,lbushillhl@cornell.edu,Female,46.27.168.145
635,Nealy,Pettingill,npettingillhm@reverbnation.com,Male,135.145.143.9
636,Wylie,Apdell,wapdellhn@fema.gov,Male,72.146.149.235
637,Chlo,Lounds,cloundsho@istockphoto.com,Female,189.203.209.36
638,Deena,Loutheane,dloutheanehp@naver.com,Female,150.182.201.171
639,Osborn,Hellyer,ohellyerhq@ifeng.com,Male,240.109.78.66
640,Lorilee,Leavey,lleaveyhr@nationalgeographic.com,Female,174.252.69.218
641,Blaine,Backhurst,bbackhursths@oracle.com,Male,112.102.98.120
642,Dulcia,Rowling,drowlinght@w3.org,Female,30.147.154.56
643,Valera,D'Alessandro,vdalessandrohu@fda.gov,Female,40.190.0.179
644,Renato,Gasquoine,rgasquoinehv@nasa.gov,Male,116.10.144.195
645,Rodger,Keddy,rkeddyhw@chron.com,Male,135.31.211.88
646,Gery,Lanchbury,glanchburyhx@businessinsider.com,Male,116.140.126.226
647,Kasper,Luetkemeyer,kluetkemeyerhy@squidoo.com,Male,198.3.98.188
648,Darius,Kubera,dkuberahz@twitpic.com,Male,117.19.128.80
649,Cazzie,Clemence,cclemencei0@1688.com,Male,210.174.81.61
650,Levy,Learman,llearmani1@dagondesign.com,Male,180.164.91.131
651,Guntar,Housley,ghousleyi2@ameblo.jp,Male,128.235.116.187
652,Karyn,Shatliffe,kshatliffei3@hc360.com,Female,143.120.51.239
653,Cherye,Cockrell,ccockrelli4@si.edu,Female,222.205.241.0
654,Esme,Ovens,eovensi5@fastcompany.com,Female,190.105.1.26
655,Dara,Andreu,dandreui6@telegraph.co.uk,Female,105.141.59.12
656,Shannah,Pelos,spelosi7@marriott.com,Female,108.21.137.26
657,Claudian,Purtell,cpurtelli8@hhs.gov,Male,171.161.60.204
658,Gene,Scorer,gscoreri9@apple.com,Female,202.9.55.112
659,Tate,Gerant,tgerantia@blog.com,Male,46.188.88.17
660,Hanan,Muggeridge,hmuggeridgeib@bloglovin.com,Male,49.118.236.67
661,Leland,Fradgley,lfradgleyic@lycos.com,Female,151.201.30.37
662,Kat,Gherardi,kgherardiid@samsung.com,Female,160.83.176.3
663,Margit,Climar,mclimarie@dailymail.co.uk,Female,115.216.195.255
664,Denis,Shillam,dshillamif@omniture.com,Male,3.147.167.229
665,Parke,Pren,pprenig@rediff.com,Male,179.88.122.211
666,Walker,McGrory,wmcgroryih@wufoo.com,Male,203.212.104.196
667,Viv,Malacrida,vmalacridaii@ucoz.com,Female,74.39.17.54
668,Abbott,cornhill,acornhillij@skype.com,Male,248.207.254.221
669,Cos,Seawell,cseawellik@constantcontact.com,Male,76.247.245.178
670,Gard,Schubuser,gschubuseril@nps.gov,Male,189.63.29.172
671,Marthe,Itzkowicz,mitzkowiczim@sourceforge.net,Female,3.23.134.198
672,Oralle,Breton,obretonin@free.fr,Female,126.212.99.228
673,Perla,Thraves,pthravesio@cmu.edu,Female,54.206.5.111
674,Logan,Rotge,lrotgeip@auda.org.au,Male,204.103.157.201
675,Griffin,Rothon,grothoniq@alexa.com,Male,225.192.157.53
676,Zenia,Jackways,zjackwaysir@biglobe.ne.jp,Female,255.232.42.190
677,Mortie,Jurisch,mjurischis@imageshack.us,Male,140.30.242.224
678,Ive,Dunford,idunfordit@dyndns.org,Male,178.51.38.139
679,Hill,Kleinhandler,hkleinhandleriu@printfriendly.com,Male,118.58.142.80
680,Decca,Hebblethwaite,dhebblethwaiteiv@ox.ac.uk,Male,164.19.66.7
681,Meryl,Halpine,mhalpineiw@prlog.org,Male,181.233.149.29
682,Ashbey,Shipman,ashipmanix@un.org,Male,91.16.187.48
683,Claybourne,Plait,cplaitiy@exblog.jp,Male,59.149.136.149
684,Basilius,Toulch,btoulchiz@slashdot.org,Male,72.70.152.63
685,Lodovico,Featonby,lfeatonbyj0@hc360.com,Male,107.14.161.11
686,Averell,Yvon,ayvonj1@studiopress.com,Male,190.34.16.202
687,Jeanine,Eastby,jeastbyj2@com.com,Female,160.33.122.242
688,Jami,Rivelin,jrivelinj3@dion.ne.jp,Female,162.119.213.6
689,Hanna,Barajaz,hbarajazj4@blog.com,Female,184.84.41.162
690,Aubrette,Lecky,aleckyj5@unesco.org,Female,61.112.48.85
691,Demetris,Strettell,dstrettellj6@wiley.com,Female,144.8.206.217
692,Marlo,McCoveney,mmccoveneyj7@usgs.gov,Female,95.32.37.87
693,Farley,Belfield,fbelfieldj8@nsw.gov.au,Male,58.13.121.244
694,Frederigo,Curnnokk,fcurnnokkj9@alexa.com,Male,68.174.154.177
695,Beverley,Finnis,bfinnisja@wikimedia.org,Female,0.19.42.45
696,Walker,Waistell,wwaistelljb@hhs.gov,Male,74.199.231.28
697,Jenilee,Degnen,jdegnenjc@ask.com,Female,147.155.126.249
698,Sonja,Toovey,stooveyjd@tamu.edu,Female,154.45.82.204
699,Tito,Puttrell,tputtrellje@i2i.jp,Male,96.74.85.99
700,Steward,Slatcher,sslatcherjf@amazon.co.uk,Male,169.224.251.197
701,Samuele,Emlyn,semlynjg@shutterfly.com,Male,45.115.51.169
702,Tabbitha,Hinrichs,thinrichsjh@acquirethisname.com,Female,7.232.228.123
703,Tiler,Carcas,tcarcasji@google.com.br,Male,133.90.16.187
704,Florian,McIlvaney,fmcilvaneyjj@ebay.com,Male,195.246.209.38
705,Sindee,Kornyakov,skornyakovjk@surveymonkey.com,Female,217.151.113.76
706,Andrei,Meeron,ameeronjl@telegraph.co.uk,Female,220.140.176.184
707,Hayward,Muncer,hmuncerjm@typepad.com,Male,110.38.249.26
708,Simona,Boleyn,sboleynjn@dmoz.org,Female,55.156.126.66
709,Patrick,Halms,phalmsjo@ucsd.edu,Male,13.227.182.96
710,Elisa,Hadenton,ehadentonjp@alexa.com,Female,67.128.220.143
711,Win,Bramhall,wbramhalljq@multiply.com,Male,138.140.209.32
712,Reagen,Manifould,rmanifouldjr@tinypic.com,Male,62.12.38.246
713,Dex,Dinnies,ddinniesjs@home.pl,Male,228.61.107.180
714,Margo,Foucar,mfoucarjt@dot.gov,Female,158.168.134.65
715,Marjorie,Santen,msantenju@shareasale.com,Female,118.185.191.243
716,Bartholemy,Cornu,bcornujv@dell.com,Male,171.194.159.91
717,Dyanne,Ipplett,dipplettjw@europa.eu,Female,252.125.143.178
718,Rosabel,Yearne,ryearnejx@lulu.com,Female,140.238.114.41
719,Morris,Gallandre,mgallandrejy@tiny.cc,Male,15.192.247.102
720,Eveline,Leftley,eleftleyjz@intel.com,Female,66.4.152.62
721,Dolly,Arndell,darndellk0@php.net,Female,3.252.237.222
722,Johannah,McCrum,jmccrumk1@irs.gov,Female,117.227.173.38
723,Stu,Peasby,speasbyk2@yandex.ru,Male,73.156.92.7
724,Kissee,Blackaby,kblackabyk3@multiply.com,Female,147.201.46.63
725,Jeremy,Murrie,jmurriek4@domainmarket.com,Male,157.9.151.147
726,Licha,Trousdale,ltrousdalek5@marriott.com,Female,125.6.221.213
727,Hewett,Meek,hmeekk6@washingtonpost.com,Male,63.93.254.182
728,Troy,Jilliss,tjillissk7@google.pl,Male,55.191.136.99
729,Winston,Breinlein,wbreinleink8@exblog.jp,Male,68.191.47.137
730,Cammy,Burkitt,cburkittk9@smugmug.com,Male,159.148.107.154
731,Peadar,Fahrenbacher,pfahrenbacherka@wordpress.org,Male,35.88.140.81
732,Sashenka,Sedger,ssedgerkb@mail.ru,Female,159.69.92.11
733,Karrie,Mahon,kmahonkc@youtu.be,Female,178.192.125.40
734,Monah,Piola,mpiolakd@cocolog-nifty.com,Female,35.191.64.75
735,Ram,Davidi,rdavidike@reddit.com,Male,68.77.51.147
736,Rosamond,Hattrick,rhattrickkf@yahoo.co.jp,Female,243.109.187.216
737,Page,Easseby,peassebykg@wordpress.com,Female,129.95.240.78
738,Fransisco,Davis,fdaviskh@alibaba.com,Male,249.166.223.88
739,Manolo,Chadwick,mchadwickki@de.vu,Male,50.90.94.168
740,Alexis,Beggio,abeggiokj@nsw.gov.au,Male,128.160.67.239
741,Modesta,Alvaro,malvarokk@salon.com,Female,193.214.231.240
742,Emilio,Haythorn,ehaythornkl@pinterest.com,Male,196.44.63.121
743,Jacklyn,Neising,jneisingkm@marriott.com,Female,158.222.176.97
744,Tracey,Tunesi,ttunesikn@nps.gov,Female,151.13.124.190
745,Ingmar,Brampton,ibramptonko@illinois.edu,Male,160.7.191.251
746,Annabelle,Garnam,agarnamkp@telegraph.co.uk,Female,111.119.249.47
747,Tamara,Lippingwell,tlippingwellkq@dailymail.co.uk,Female,16.131.95.239
748,Nikolos,Weekly,nweeklykr@discovery.com,Male,85.158.226.187
749,Trudie,Tapton,ttaptonks@salon.com,Female,218.35.162.242
750,Thurston,Le Gassick,tlegassickkt@imageshack.us,Male,200.244.209.72
751,Emylee,Plaice,eplaiceku@cnn.com,Female,237.54.104.59
752,Billie,Chyuerton,bchyuertonkv@hubpages.com,Female,138.174.18.164
753,Alley,Scheffler,aschefflerkw@netvibes.com,Male,157.106.84.73
754,Billy,Gillingwater,bgillingwaterkx@plala.or.jp,Female,144.206.120.157
755,Gareth,Deetlefs,gdeetlefsky@is.gd,Male,232.133.109.86
756,Kendricks,Osgordby,kosgordbykz@va.gov,Male,31.21.152.198
757,Abigael,Hanny,ahannyl0@ibm.com,Female,230.239.121.239
758,Nichole,Scargill,nscargilll1@vimeo.com,Male,32.242.121.240
759,Maighdiln,Sighard,msighardl2@jalbum.net,Female,204.226.232.2
760,Merle,Schlagtmans,mschlagtmansl3@auda.org.au,Male,108.170.50.128
761,Phillip,Mazillius,pmazilliusl4@trellian.com,Male,86.167.153.44
762,Townsend,O'Kielt,tokieltl5@google.com.br,Male,175.19.212.48
763,Jarvis,Davidavidovics,jdavidavidovicsl6@stumbleupon.com,Male,40.57.31.110
764,Rab,Everett,reverettl7@earthlink.net,Male,155.145.101.187
765,Thornie,Kenaway,tkenawayl8@unicef.org,Male,128.184.160.156
766,Ulysses,Diddams,udiddamsl9@fema.gov,Male,211.38.42.248
767,Tonia,Buckner,tbucknerla@purevolume.com,Female,157.81.207.145
768,Bertram,Withinshaw,bwithinshawlb@fotki.com,Male,137.19.141.244
769,Ddene,Goutcher,dgoutcherlc@cdc.gov,Female,119.77.241.106
770,Raine,Fahy,rfahyld@is.gd,Female,160.47.40.254
771,Averil,Kristufek,akristufekle@topsy.com,Female,252.123.205.96
772,Ivory,Schubbert,ischubbertlf@trellian.com,Female,138.107.168.130
773,Eben,Rathe,erathelg@ezinearticles.com,Male,245.167.7.98
774,Pattie,Matthensen,pmatthensenlh@tamu.edu,Female,176.3.161.113
775,Maxie,Thorby,mthorbyli@weather.com,Female,165.124.13.134
776,Kelcie,Laugier,klaugierlj@businesswire.com,Female,180.54.149.106
777,Kilian,Beat,kbeatlk@e-recht24.de,Male,118.103.104.105
778,Meryl,Pate,mpatell@w3.org,Male,9.215.224.3
779,Jeremiah,Ravenshaw,jravenshawlm@google.ru,Male,255.58.222.195
780,Doralynne,Simony,dsimonyln@linkedin.com,Female,33.135.150.116
781,Jae,Binnall,jbinnalllo@etsy.com,Male,101.229.190.89
782,Marcia,Stroyan,mstroyanlp@themeforest.net,Female,45.233.3.32
783,Kailey,Riccio,kricciolq@quantcast.com,Female,190.10.63.252
784,Kirby,Spellworth,kspellworthlr@github.io,Male,127.159.98.221
785,Ole,Gheorghescu,ogheorghesculs@ehow.com,Male,155.180.150.108
786,Jessalyn,Coopey,jcoopeylt@unicef.org,Female,232.214.122.192
787,Blondie,Adamoli,badamolilu@berkeley.edu,Female,23.60.127.212
788,Matt,Wrenn,mwrennlv@chronoengine.com,Male,63.193.76.138
789,Stacee,Martine,smartinelw@mashable.com,Female,248.9.111.224
790,Erda,Minchi,eminchilx@icio.us,Female,11.38.30.167
791,Annabel,Byllam,abyllamly@cam.ac.uk,Female,110.169.5.59
792,Peder,Longbottom,plongbottomlz@tumblr.com,Male,114.166.47.188
793,Garvy,Peet,gpeetm0@theglobeandmail.com,Male,3.136.36.24
794,Joel,Pane,jpanem1@yahoo.co.jp,Male,235.27.57.144
795,Tess,Yockley,tyockleym2@un.org,Female,96.195.235.85
796,Temple,Dadswell,tdadswellm3@163.com,Male,229.195.7.254
797,Ody,Kilian,okilianm4@gov.uk,Male,55.141.61.40
798,Ingram,Strooband,istroobandm5@prweb.com,Male,231.97.121.152
799,Harman,Chidwick,hchidwickm6@wunderground.com,Male,46.230.76.24
800,Junie,Ortsmann,jortsmannm7@patch.com,Female,118.160.251.19
801,Prentice,Westrip,pwestripm8@tinyurl.com,Male,145.134.252.59
802,Conan,Penwright,cpenwrightm9@army.mil,Male,165.160.68.67
803,Cloris,Gaize,cgaizema@census.gov,Female,154.236.183.4
804,Dionysus,Macken,dmackenmb@va.gov,Male,54.232.211.104
805,Felisha,Speere,fspeeremc@mapquest.com,Female,99.147.213.42
806,Tori,Clemas,tclemasmd@chicagotribune.com,Female,115.111.1.77
807,Judd,Aveline,javelineme@jimdo.com,Male,254.157.82.98
808,Irvin,Jowsey,ijowseymf@t.co,Male,137.67.107.20
809,Elicia,Scowcroft,escowcroftmg@youku.com,Female,165.125.159.232
810,Candy,Burvill,cburvillmh@diigo.com,Female,184.89.159.156
811,Morena,Orviss,morvissmi@360.cn,Female,241.92.81.113
812,Thea,Whitsey,twhitseymj@youtube.com,Female,180.86.121.195
813,Reinhold,Easterfield,reasterfieldmk@dmoz.org,Male,185.121.205.247
814,Gusty,Dellit,gdellitml@salon.com,Female,128.130.209.212
815,Filberte,Paolillo,fpaolillomm@quantcast.com,Male,64.107.231.166
816,Art,Currm,acurrmmn@de.vu,Male,99.132.30.149
817,Odele,Pulteneye,opulteneyemo@tmall.com,Female,200.71.211.133
818,Aylmer,Caig,acaigmp@wix.com,Male,234.88.3.202
819,Sibelle,Bergin,sberginmq@marketwatch.com,Female,182.193.166.196
820,Orran,Mavin,omavinmr@constantcontact.com,Male,5.155.27.122
821,Towny,Roadnight,troadnightms@photobucket.com,Male,143.82.11.149
822,Judas,Kleinmintz,jkleinmintzmt@rambler.ru,Male,202.250.244.85
823,Hedy,Durman,hdurmanmu@oakley.com,Female,43.91.228.172
824,Bernete,Frankish,bfrankishmv@seattletimes.com,Female,142.90.88.40
825,Birgitta,Gloster,bglostermw@simplemachines.org,Female,101.48.189.218
826,Andriette,Gilluley,agilluleymx@technorati.com,Female,191.18.201.33
827,Reuben,Teece,rteecemy@google.it,Male,240.73.209.94
828,Glendon,Tuiller,gtuillermz@squidoo.com,Male,75.15.194.68
829,Scot,Kuller,skullern0@gizmodo.com,Male,164.67.175.151
830,Dosi,Fawdrie,dfawdrien1@usnews.com,Female,103.7.31.205
831,Ashton,Arents,aarentsn2@rambler.ru,Male,106.33.137.161
832,Marthena,Izatson,mizatsonn3@fema.gov,Female,110.46.228.182
833,Ernestus,Sandwich,esandwichn4@trellian.com,Male,2.173.120.20
834,Robin,Speechley,rspeechleyn5@youtube.com,Female,236.114.235.188
835,Bradford,Piatti,bpiattin6@mashable.com,Male,197.51.19.159
836,Rey,Pieters,rpietersn7@blogspot.com,Female,185.218.88.107
837,Miriam,Bows,mbowsn8@forbes.com,Female,194.93.190.19
838,Damon,Swarbrick,dswarbrickn9@freewebs.com,Male,139.43.196.11
839,Gabriele,Pawfoot,gpawfootna@washington.edu,Male,191.40.160.222
840,Norean,Beel,nbeelnb@hhs.gov,Female,153.209.83.243
841,Margalo,Pitkaithly,mpitkaithlync@seesaa.net,Female,93.226.64.251
842,Dwayne,Jozaitis,djozaitisnd@liveinternet.ru,Male,234.79.230.126
843,Pegeen,Shimoni,pshimonine@topsy.com,Female,206.104.67.114
844,Sigrid,Fermoy,sfermoynf@vistaprint.com,Female,138.251.33.96
845,Giselle,Ellams,gellamsng@multiply.com,Female,102.112.138.127
846,Klaus,Kenwright,kkenwrightnh@zimbio.com,Male,180.180.117.16
847,Nate,Apfel,napfelni@google.ca,Male,116.93.61.193
848,Gusti,Loftie,gloftienj@yandex.ru,Female,216.237.22.112
849,Kimmy,Poutress,kpoutressnk@hugedomains.com,Female,100.23.37.91
850,Harris,MacGinley,hmacginleynl@nytimes.com,Male,63.199.146.173
851,Olly,Barde,obardenm@sitemeter.com,Female,37.174.245.12
852,Myrlene,Strang,mstrangnn@sakura.ne.jp,Female,14.232.244.203
853,Loydie,Attwater,lattwaterno@webnode.com,Male,198.183.42.246
854,Alexa,Stallan,astallannp@discovery.com,Female,97.179.15.51
855,Eddie,Haugg,ehauggnq@angelfire.com,Female,185.77.132.177
856,Anthia,McGonigle,amcgoniglenr@desdev.cn,Female,198.51.48.28
857,Anett,Lattos,alattosns@blinklist.com,Female,94.27.10.121
858,Osgood,Gabbott,ogabbottnt@addthis.com,Male,176.171.131.58
859,Winna,Balderstone,wbalderstonenu@sfgate.com,Female,2.113.176.180
860,Mart,Lemin,mleminnv@sina.com.cn,Male,211.157.232.244
861,Rochester,Chislett,rchislettnw@ihg.com,Male,51.41.198.87
862,Isac,Warn,iwarnnx@qq.com,Male,204.250.63.59
863,Kimball,Labusch,klabuschny@hatena.ne.jp,Male,235.172.42.254
864,Nell,Brombell,nbrombellnz@so-net.ne.jp,Female,208.244.169.67
865,Carlynne,Nund,cnundo0@google.cn,Female,90.148.119.49
866,Arvin,Budding,abuddingo1@nasa.gov,Male,73.151.64.192
867,Aida,Roderigo,aroderigoo2@amazon.co.uk,Female,229.164.237.28
868,Raimondo,Compford,rcompfordo3@dyndns.org,Male,15.201.184.127
869,Dynah,Regus,dreguso4@printfriendly.com,Female,167.228.223.57
870,Misty,Gubbin,mgubbino5@skype.com,Female,252.246.133.221
871,Cobb,Train,ctraino6@amazon.de,Male,156.8.117.187
872,Bink,Basden,bbasdeno7@stanford.edu,Male,231.129.234.165
873,Lyn,Morcom,lmorcomo8@macromedia.com,Male,222.248.204.178
874,Maryjane,Goforth,mgofortho9@de.vu,Female,234.177.46.34
875,Patrizia,Camis,pcamisoa@1688.com,Female,164.71.80.244
876,Jerad,Daintry,jdaintryob@ucsd.edu,Male,71.121.194.210
877,Marianna,Creber,mcreberoc@bbc.co.uk,Female,171.60.172.210
878,Missie,Toolan,mtoolanod@tuttocitta.it,Female,139.134.95.1
879,Tann,Casemore,tcasemoreoe@so-net.ne.jp,Male,121.193.164.249
880,Alessandro,de Courcy,adecourcyof@shareasale.com,Male,45.225.198.170
881,Wrennie,Ever,weverog@columbia.edu,Female,150.204.203.20
882,Arluene,Ales,aalesoh@answers.com,Female,100.249.100.5
883,Eydie,Regglar,eregglaroi@plala.or.jp,Female,91.42.1.188
884,Ragnar,Smallacombe,rsmallacombeoj@sciencedirect.com,Male,21.136.240.14
885,Noll,Fiddler,nfiddlerok@livejournal.com,Male,117.222.246.215
886,Ysabel,Schusterl,yschusterlol@redcross.org,Female,165.225.16.174
887,Fredelia,Bamlett,fbamlettom@newyorker.com,Female,208.10.14.10
888,Helenelizabeth,Gerretsen,hgerretsenon@ucsd.edu,Female,22.52.5.162
889,Abner,Liddington,aliddingtonoo@jiathis.com,Male,147.252.12.96
890,Randolf,Margaret,rmargaretop@pagesperso-orange.fr,Male,181.244.60.65
891,Devin,Buncombe,dbuncombeoq@alexa.com,Female,3.25.111.16
892,Rivi,Fawdrie,rfawdrieor@themeforest.net,Female,208.70.137.182
893,Grazia,Novik,gnovikos@constantcontact.com,Female,203.14.142.223
894,Jamima,Whimpenny,jwhimpennyot@geocities.jp,Female,109.189.158.194
895,Karin,Barnewille,kbarnewilleou@t-online.de,Female,171.41.128.253
896,Karel,Carefull,kcarefullov@paginegialle.it,Male,66.116.171.156
897,Petronilla,Denidge,pdenidgeow@umn.edu,Female,56.128.210.179
898,Christian,Dymond,cdymondox@wikia.com,Male,1.233.75.91
899,Gib,Biggerstaff,gbiggerstaffoy@lulu.com,Male,29.19.160.232
900,Godwin,Cawker,gcawkeroz@mit.edu,Male,116.212.10.98
901,Brenda,Lethby,blethbyp0@globo.com,Female,61.189.218.133
902,Glynis,Fardell,gfardellp1@ask.com,Female,149.74.176.186
903,Brianne,Perkins,bperkinsp2@mediafire.com,Female,217.54.89.83
904,Richardo,Finnick,rfinnickp3@multiply.com,Male,124.71.253.171
905,Far,Ibarra,fibarrap4@cocolog-nifty.com,Male,159.200.2.51
906,Cathleen,Artist,cartistp5@devhub.com,Female,213.176.42.162
907,Nata,Aaronson,naaronsonp6@feedburner.com,Female,161.142.62.6
908,Babbette,Churcher,bchurcherp7@webs.com,Female,115.15.240.54
909,Clyve,Dombrell,cdombrellp8@businessinsider.com,Male,16.253.111.174
910,Alfie,Linsley,alinsleyp9@craigslist.org,Female,179.174.39.70
911,Gerri,Rickaert,grickaertpa@goo.gl,Male,155.37.148.34
912,Vic,Chuter,vchuterpb@youtu.be,Male,214.16.2.113
913,Selma,Waring,swaringpc@opensource.org,Female,178.87.141.75
914,Vanny,Dauney,vdauneypd@github.io,Female,232.219.131.91
915,Ravi,Warnes,rwarnespe@vimeo.com,Male,165.163.121.38
916,Murial,Gainsbury,mgainsburypf@cbc.ca,Female,141.98.30.252
917,Silvan,Issacov,sissacovpg@friendfeed.com,Male,214.31.209.82
918,Kristan,De Lorenzo,kdelorenzoph@japanpost.jp,Female,28.225.125.159
919,Tobye,Bigland,tbiglandpi@msn.com,Female,158.255.26.235
920,Chelsie,Hyndley,chyndleypj@usgs.gov,Female,175.60.255.217
921,Murial,Cotgrave,mcotgravepk@hhs.gov,Female,11.253.227.158
922,Conni,Oakes,coakespl@about.com,Female,188.67.181.65
923,Burton,Love,blovepm@slashdot.org,Male,234.170.146.9
924,Kaye,Larkcum,klarkcumpn@biglobe.ne.jp,Female,78.185.142.156
925,Pet,Deetlof,pdeetlofpo@imgur.com,Female,100.33.156.121
926,Marrissa,Messiter,mmessiterpp@tumblr.com,Female,202.68.77.236
927,Rodd,Scholte,rscholtepq@dailymail.co.uk,Male,184.254.213.59
928,Noach,Alleway,nallewaypr@last.fm,Male,35.129.242.166
929,Pamela,Craufurd,pcraufurdps@amazon.co.jp,Female,229.50.29.196
930,Lindy,Leuty,lleutypt@cisco.com,Male,125.226.121.183
931,Donaugh,Jochen,djochenpu@godaddy.com,Male,197.222.99.11
932,Kerr,Plenderleith,kplenderleithpv@ovh.net,Male,161.92.71.75
933,Merla,Melbury,mmelburypw@ibm.com,Female,93.64.0.4
934,Gerianne,Houldcroft,ghouldcroftpx@rediff.com,Female,46.207.234.216
935,Kerwinn,Basant,kbasantpy@skype.com,Male,51.112.39.166
936,Armando,Tommasuzzi,atommasuzzipz@blogs.com,Male,56.95.111.75
937,Julianna,O'Scollee,joscolleeq0@angelfire.com,Female,234.174.139.82
938,Dietrich,Sweetenham,dsweetenhamq1@adobe.com,Male,162.250.35.45
939,Willem,Woolhouse,wwoolhouseq2@phoca.cz,Male,85.59.251.107
940,Delora,Tulleth,dtullethq3@live.com,Female,166.236.248.254
941,Fowler,Mickleburgh,fmickleburghq4@disqus.com,Male,52.244.34.229
942,Sven,Sorsbie,ssorsbieq5@aboutads.info,Male,119.19.5.199
943,Noel,Olensby,nolensbyq6@nbcnews.com,Male,87.200.100.50
944,Justin,Luberti,jlubertiq7@xinhuanet.com,Male,226.72.207.155
945,Timmi,Creboe,tcreboeq8@uol.com.br,Female,87.223.2.19
946,Malchy,Rihanek,mrihanekq9@umn.edu,Male,255.245.193.40
947,Graehme,Liverseege,gliverseegeqa@salon.com,Male,136.164.14.64
948,Jeffy,Beddard,jbeddardqb@unesco.org,Male,121.46.172.115
949,Germaine,Warn,gwarnqc@deviantart.com,Male,232.41.137.205
950,Kevon,Manis,kmanisqd@ebay.co.uk,Male,37.93.145.220
951,Egon,Hebron,ehebronqe@tripadvisor.com,Male,244.249.198.194
952,Doyle,Sangar,dsangarqf@ning.com,Male,81.152.32.27
953,Mirabel,Nickoll,mnickollqg@toplist.cz,Female,130.97.108.204
954,Atlante,Zienkiewicz,azienkiewiczqh@hao123.com,Female,115.94.67.239
955,Deborah,Haug,dhaugqi@ox.ac.uk,Female,78.14.118.34
956,Marion,Mooney,mmooneyqj@blogger.com,Female,186.210.248.80
957,Vinny,Labuschagne,vlabuschagneqk@unicef.org,Female,181.158.19.240
958,Ferdinand,Dayborne,fdayborneql@abc.net.au,Male,206.198.236.54
959,Waylin,Winterburn,wwinterburnqm@weather.com,Male,164.217.180.135
960,Geralda,Exer,gexerqn@google.fr,Female,49.180.187.236
961,Klaus,Renihan,krenihanqo@goo.ne.jp,Male,36.47.242.100
962,Ibrahim,Ducrow,iducrowqp@t.co,Male,120.127.195.189
963,Alverta,Yukhnini,ayukhniniqq@whitehouse.gov,Female,200.106.53.238
964,Stephie,Kalinowsky,skalinowskyqr@hostgator.com,Female,107.166.175.208
965,Hilary,Sharvill,hsharvillqs@hatena.ne.jp,Male,167.83.131.122
966,Olivette,Howley,ohowleyqt@va.gov,Female,61.57.201.212
967,Maurise,McCrie,mmccriequ@sciencedirect.com,Female,93.112.136.250
968,Joice,Bareford,jbarefordqv@moonfruit.com,Female,238.114.108.225
969,Christoforo,Fernanando,cfernanandoqw@aboutads.info,Male,42.219.229.188
970,Harmony,Arrol,harrolqx@pinterest.com,Female,130.34.28.48
971,Elisabet,Di Pietro,edipietroqy@timesonline.co.uk,Female,138.156.172.170
972,Sammy,Maslin,smaslinqz@cargocollective.com,Male,20.28.16.148
973,Gardener,Franceschielli,gfranceschiellir0@abc.net.au,Male,225.41.72.228
974,Pat,MacInherney,pmacinherneyr1@marketwatch.com,Female,13.11.49.104
975,Dacia,Engley,dengleyr2@hc360.com,Female,108.26.169.152
976,Keri,Ledwich,kledwichr3@vistaprint.com,Female,102.34.31.10
977,Kelley,Tytcomb,ktytcombr4@howstuffworks.com,Female,31.148.18.235
978,Portie,Spoors,pspoorsr5@mediafire.com,Male,198.91.93.128
979,Scott,Wasiela,swasielar6@exblog.jp,Male,62.150.53.182
980,Myrtie,Kamiyama,mkamiyamar7@mapy.cz,Female,6.25.170.17
981,Imelda,O'Docherty,iodochertyr8@nih.gov,Female,28.154.34.244
982,Kris,Hetterich,khetterichr9@shareasale.com,Female,53.122.224.247
983,Burnaby,Szimoni,bszimonira@google.com.br,Male,242.23.172.250
984,Carce,Bowshire,cbowshirerb@sitemeter.com,Male,227.159.221.176
985,Giulio,Noad,gnoadrc@canalblog.com,Male,239.245.114.191
986,Jen,Sans,jsansrd@g.co,Female,226.80.203.235
987,Dex,Pickburn,dpickburnre@arstechnica.com,Male,89.162.21.122
988,Roch,Chaulk,rchaulkrf@mapquest.com,Female,103.126.127.15
989,Ricky,Caldera,rcalderarg@woothemes.com,Male,43.93.182.18
990,Ali,Mault,amaultrh@merriam-webster.com,Male,174.178.238.229
991,Waite,Pettipher,wpettipherri@hc360.com,Male,236.2.105.14
992,Bernarr,Playle,bplaylerj@sakura.ne.jp,Male,201.5.16.216
993,Zena,Rikard,zrikardrk@nifty.com,Female,107.107.2.120
994,Valentijn,Dentith,vdentithrl@squarespace.com,Male,171.49.46.71
995,Peter,Oliff,poliffrm@simplemachines.org,Male,104.255.33.67
996,Odelinda,Fergyson,ofergysonrn@indiatimes.com,Female,84.134.234.103
997,Marysa,Leaburn,mleaburnro@hc360.com,Female,100.219.80.108
998,Calvin,Hedger,chedgerrp@geocities.com,Male,171.110.129.104
999,Karlik,Terrett,kterrettrq@vimeo.com,Male,55.93.204.45
1000,Curcio,Kemm,ckemmrr@irs.gov,Male,14.143.73.253
# hi
1000

#
1006,test_name,test_lname,bop@bob.com,m,0.0.0.0
